id,brand,model,year,fuel,kms,price,transmission
6342ddb4355664886d0cacd5,Toyota,Avensis,2013,d,185000.0,20000.0,
6342dd42bfb0d2f47c01eb52,Lexus,IS200,1999,p,278560.0,5800.0,
6342dd213bd680bfcb0fe583,Mazda,Premacy,2003,d,230211.0,2800.0,
6336cfc0a9be7115fd0014f2,BMW,320,2000,d,300000.0,3500.0,
63134e2ed771274f5e0a1ab3,VW,Passat,2006,d,171000.0,7300.0,
630c3f48e2096f1c040cad33,BMW,330,2002,d,254035.0,6000.0,
62fb7ac4eba4fb6c37004152,BMW,520,2012,d,280000.0,26300.0,
62431d245a333469861bf5d2,Mini,ONE,2008,p,212000.0,4888.0,
63036451914202df450d9773,Mitsubishi,Space,1999,p,250000.0,3700.0,
62d2f736ed2aba32ac09da25,Audi,A4,2006,d,264000.0,8500.0,
632c96bdcbf7f29bfc0df898,BMW,320,2009,d,200742.0,8999.0,
6336a8d4e61229f67109e262,Kia,Ceed,2008,d,200000.0,7300.0,
633a7f752c00ddcbbd0a5cc6,Ford,Focus,2006,d,280000.0,3900.0,
62ffc5c889545e00b4019db2,Honda,CR-V,2008,d,228780.0,15500.0,
62da6e7afb1f8d5ef5019fb3,VW,Jetta,2006,d,181250.0,9000.0,
61f806fd83ff2c41c6476ac2,VW,Passat,2011,p,185950.0,16666.0,
62e2ce85c64482b4b80a57e2,Toyota,RAV,2010,d,240452.0,17800.0,
63050763c05a7ed85c0cf002,VW,Golf,2014,d,243580.0,18999.0,
626fd0c311d582f1dd0decb6,VW,Touran,2006,d,189503.0,10000.0,
62505bdfbede90bce005bc72,Honda,Jazz,2004,p,175350.0,5300.0,
633db32553720f71140adc04,VW,Golf,2007,d,173580.0,6900.0,
633f02951b41c702050931b3,Hyundai,i30,2012,d,200000.0,12900.0,
630b703e170a968686047fe2,VW,Passat,2002,d,263000.0,4999.0,
60f7e39108a9813aa332ee42,VW,T2,1974,p,80000.0,9190.0,
6127ca965c28ce10363e0453,Honda,HR-V,2001,p,201000.0,3700.0,
6217dcc57b11fc000f43ece3,Jeep,Wrangler,2006,p,63200.0,24000.0,
62ced6b186aa0372b20f7c95,Audi,A5,2011,d,176240.0,20700.0,
62ac4e9585527b4e10054e13,Audi,A4,2012,d,234231.0,19900.0,
62fb5738b60ad17ab60ed2f2,Opel,Zafira,2004,p,265000.0,3300.0,
631ec20f14ad083fc2085282,Mercedes-Benz,E,2004,d,284510.0,10899.0,
630c7f3ccb6d099eaf087b92,Seat,Leon,2000,p,190000.0,3350.0,
6342dd04497c574704059252,Honda,CR-V,2009,d,225000.0,14500.0,
62e6bc67470b3232730780d8,BMW,520,2014,d,271000.0,29900.0,
62fd36f52374fa0bfa0d6584,Infiniti,Q50,2016,p,120000.0,39000.0,
62dad03f55cbff199c056e42,BMW,X5,2007,d,300000.0,9500.0,
61e087bc319029124435dbb4,Rover,25,2003,p,201000.0,2450.0,
61a683220c010451cf4db803,Kia,Rio,2018,p,48296.0,23900.0,
62fba2e24c378aa4800484f3,Nissan,Almera,2002,d,250000.0,2500.0,
624b348d365d03041306c2b5,Range,Rover,2003,p,205000.0,7899.0,
626cf03db878e49b6f0933f2,Volvo,S60,2005,p,210000.0,7896.0,
6339b197429a7ccc470c8862,BMW,320,2006,d,203000.0,6500.0,
626be7e788c84851f2012ba3,Mercedes-Benz,ML,2016,p,156000.0,63900.0,
62c410f96ec1b1ab4009dae2,Audi,A6,2008,d,243000.0,6599.0,
62b2d206f93200a9bd0249c4,BMW,320,2004,d,318169.0,4200.0,
5f4f8702263e2a1f560eb348,Fiat,500,2011,p,126000.0,7990.0,
6238a4081692851de01f5bb2,VW,Passat,2019,d,109000.0,40999.0,
6341cf1f0e05635e830be532,VW,Golf,2010,p,118000.0,12500.0,
62d70306bedcdc01f70396e3,Toyota,Aygo,2012,p,142000.0,8290.0,
5fd9d3d8c9805e43ce49bbf3,Porsche,Cayenne,2005,p,200000.0,14900.0,
6314cc17d9ced6d7ec0ccde2,VW,up!,2012,p,150600.0,8690.0,
6342dc154e3896bf5d003674,Mercedes-Benz,C,2007,d,250000.0,12500.0,
623ec6f3d88e344b8a410613,Audi,A8,2005,d,322222.0,11111.0,
6342dca82536b79fbd016aa2,VW,Passat,2001,d,315820.0,4250.0,
6342dc876fe6b69aa30bdbb5,BMW,320,2006,d,176000.0,7500.0,
629f9b38c1240fb2840fad92,Infiniti,Q50,2015,p,140000.0,40999.0,
630503dd3c3087510a0d11c4,BMW,330,2009,d,258000.0,21200.0,
6310b858ab1736a56a08c073,Ford,Fiesta,2010,p,120000.0,7800.0,
601fd4796aa02e17b16b26d2,Audi,S8,2000,p,199000.0,7999.0,
625d1d419f96cc5bac0452b2,Lada,Niva,2010,p,100000.0,5699.0,
617c005480e09f2ae9257383,Mercedes-Benz,E,2008,d,123456.0,5500.0,
61713c417b810d7969707a05,Mercedes-Benz,E,2011,d,123456.0,10999.0,
62cf1dd45d96d58f8e009dc4,Citroen,C5,2011,d,150000.0,10499.0,
61926456f56fc35e983a8c52,Mercedes-Benz,B,2010,p,400000.0,5990.0,
60f6fba3f5a202565306d542,Mercedes-Benz,S,2006,d,249000.0,9990.0,
601fd717922cdd22ad5f9ee2,Jaguar,X,2007,d,191000.0,5999.0,
62fb71555b3093a096056262,VW,Touareg,2004,p,268500.0,11900.0,
5ef8c9b747dc9d735c0c5163,Mercedes-Benz,124,1995,p,247900.0,7500.0,
633047a42d5f7a587c077242,Subaru,Impreza,2009,p,169000.0,6999.0,
630e480a51fee1e826040282,VW,Touran,2013,p,260000.0,9999.0,
62fb6df816d2a0125f0b34a2,Jeep,Cherokee,2002,p,260250.0,7900.0,
6306285b7399edba700bbd05,Mercedes-Benz,ML,2002,d,357654.0,6500.0,
632219b70de74cfb5405af32,VW,Golf,2003,d,223000.0,4500.0,
62c09c6a186a2af62b060872,VW,Golf,2000,d,300000.0,4500.0,
6342db70c97d79b0b1079972,VW,Golf,1996,p,200000.0,1700.0,
62cd8a75c30bbfc9320d9d42,Audi,Q7,2008,d,150000.0,24000.0,
6326e6db18ce43a940030ef3,Fiat,Grande,2007,p,219000.0,6099.0,
627a1d38567fb3bce00d7863,Mazda,CX,2011,p,159000.0,21500.0,
62d19f967d54bf87dc09d907,Mercedes-Benz,S,2011,d,135000.0,30999.0,
621cfd506b1fb207ce4c60b3,BMW,X5,2008,d,188000.0,24999.0,
63389ceea50d94a8c409d682,Skoda,Karoq,2019,d,36000.0,62000.0,
62b533b955aec02fa80d06b2,VW,Golf,2007,d,179000.0,7500.0,
633350b6cf0e9758330080a4,Mercedes-Benz,C,2009,d,291000.0,10200.0,
632c8b1a509bba5dbd0a31f8,Citroen,C3,2007,p,160375.0,4200.0,
6308820f5de141987c022856,Toyota,Avensis,2002,p,303000.0,7700.0,
6095230470d74a4af91835b3,Mercedes-Benz,CLC,2010,d,190000.0,12700.0,
6323690def521aa52f0bebe8,Skoda,Superb,2010,d,187000.0,14600.0,
63036a89236c9895d5040d93,BMW,X1,2015,d,123000.0,24900.0,
633edee52a0ab8b2650a4223,Peugeot,508,2011,p,161000.0,13900.0,
62f684934c470ed9b40b5704,BMW,325,2009,d,179000.0,13799.0,
62ee7555456d16583f00ac92,VW,Passat,2005,d,245000.0,7500.0,
632dcad29eeb578dba042ed3,Hyundai,i30,2011,d,124000.0,8899.0,
633efbd7951eebc3f40105f4,Fiat,Bravo,2008,d,19912331.0,5999.0,
6342da63d6b554a0c5089574,BMW,520,2001,d,447000.0,4000.0,
62fcaa73c6eac8f54609a583,Peugeot,308,2011,d,160000.0,9800.0,
6342da6886ca1020160d8ad2,Subaru,Impreza,2007,p,269000.0,6300.0,
6331c9880f2963d15209e634,VW,Passat,2009,p,211000.0,8300.0,
6342da8ddf132d93b9060764,VW,Golf,1996,p,277350.0,1999.0,
62d916fdeeb5a7c47d00e6b4,Hyundai,i30,2010,d,178000.0,7799.0,
63402e7acff63527e1096d52,Peugeot,308,2012,d,270020.0,8950.0,
627139bebf9d9180e00c8092,Toyota,Yaris,2009,d,160000.0,8799.0,
626d8487258b06543c032162,Ford,Focus,2006,p,250000.0,4699.0,
626402f5061603fdf8034e52,Audi,A4,2003,d,274000.0,4599.0,
63416c9777a5cfa5630bbaf6,Peugeot,207,2007,p,125000.0,6500.0,
623a0e63eb9c8d1f9c0a53f4,Toyota,Urban,2009,d,211000.0,11699.0,
6342da4192c888b7f20951f3,Audi,A4,2000,d,217000.0,4900.0,
6342d9fadf132d93b9060763,Opel,Antara,2009,d,18900.0,8989.0,
63397c14a6648bd2ce05fdd3,Honda,Civic,2007,d,198640.0,8800.0,
6342d975bff8ba607208ed64,Mercedes-Benz,SLK,1998,p,250000.0,2000.0,
6318b7e297e1f58467034b34,Smart,ForTwo,2009,p,120856.0,6500.0,
630d01ed915996b692037c63,Renault,Kangoo,2008,d,133000.0,5300.0,
630a4150098aac98c1008a52,Citroen,C3,2004,d,280000.0,2000.0,
631a26fcec2853aa620d5354,Toyota,Yaris,2006,p,150000.0,7199.0,
6304b451ec670aeb5f0e1942,Jeep,Grand,1999,d,200000.0,6500.0,
632adaa39d905a6e77026df2,Suzuki,Grand,2002,d,195000.0,9800.0,
633ab924db2bace6df0eb825,Seat,Exeo,2010,d,185000.0,11000.0,
632dc253888674996c0cc4c3,Mercedes-Benz,124,1989,d,200000.0,2800.0,
6337ead7d9dae9c3290ee423,Mitsubishi,Colt,2007,p,91200.0,4500.0,
630a0b91c81ba877e90b3e53,Nissan,Terrano,2002,d,123456.0,2999.0,
634155d1faa2ec3d8b0083a4,Ford,Focus,2001,d,276000.0,2800.0,
634069d73eb0121ee206c573,Mercedes-Benz,C,2006,d,301654.0,6499.0,
633c26f39a491cee7b063dd4,Ford,Maverick,2003,p,280000.0,5599.0,
614c3e324b410668997be7f8,Jaguar,X,2002,p,173577.0,4300.0,
633ebf30ca3131047e04b442,Volvo,V70,2006,d,186540.0,7200.0,
62f2960522802949970519c2,Peugeot,3008,2012,d,198000.0,12300.0,
62f669fbf364f99a92008ef6,Mazda,3,2006,p,172000.0,6300.0,
63236474b9acaf98640975a2,Renault,Clio,2007,p,250000.0,5499.0,
63332f94baf0b13c800cca52,VW,Polo,2010,d,238956.0,7999.0,
633598819dd79934490b0e23,Fiat,Croma,2007,d,253000.0,3200.0,
631de29243b46de08f0f5262,Nissan,Almera,2003,d,206000.0,3000.0,
633322aa959b069910040624,BMW,118,2007,d,279563.0,6999.0,
6342d8bdf82c23d41a06fa32,Opel,Astra,2005,d,240000.0,4300.0,
6283a71909d86c9ede070073,Opel,Insignia,2012,d,174600.0,8350.0,
633ebc9c01f70a34800b8642,Peugeot,307,2006,p,110000.0,6300.0,
633d70fe62ffd949de001492,Subaru,Justy,2004,p,142000.0,5400.0,
632dac09d70a7f2367037aa2,Alfa,Romeo,2007,d,293520.0,6000.0,
633d7358326dfb117404f522,Smart,ForTwo,2004,p,86000.0,4600.0,
633053b13dc3e154480a7174,Toyota,RAV,2008,d,191350.0,10800.0,
6342d7b1c8f266f76f0b00f6,VW,Golf,1996,p,335000.0,1700.0,
6342d75c74963945510ef4f2,VW,Passat,2011,d,260000.0,15000.0,
633c42193bfad955db08aa12,VW,Polo,2005,p,176000.0,4650.0,
6342d726cb54728c370823c5,BMW,318,2004,p,203500.0,6990.0,
61683eb0e54cdd21101e01a2,Opel,Astra,2002,p,167300.0,5500.0,
62f66c9aea8399197404e454,Peugeot,207,2008,p,174000.0,6700.0,
62fe22ff5ae24b4d71097792,Chevrolet,Captiva,2013,d,168000.0,19400.0,
605c69977d1c7101a33ad552,Nissan,Micra,2007,p,152000.0,5200.0,
6342d6d15b262af5c30a55d2,BMW,550,2013,d,274000.0,27900.0,
6342d69fc4bb6735d507a862,Citroen,C3,2003,p,267669.0,4000.0,
62d9033fc06a9f62c30dbd92,BMW,325,2006,p,350000.0,8499.0,
6337549d4a7ea9cebb0ee602,Mercedes-Benz,CLS,2010,d,207000.0,22555.0,
62751b634edbb08fbe0005b2,Nissan,Terrano,2002,d,1.0,9850.0,
62adc336f9c64c42f203cd13,VW,Tiguan,2015,p,123653.0,25450.0,
5dab4002b1d3c823187df543,Opel,Corsa,2007,d,158179.0,5150.0,
6083c65978bd5b7ca15f06b2,Citroen,C3,2010,p,71014.0,4950.0,
60c4b0ec5b1982447b3f0e82,Citroen,C3,2007,p,1.0,4350.0,
5da4224f29cd0f5e097eccc1,Kia,Sportage,2014,d,173760.0,23950.0,
626837538de5f5adae0629d2,Audi,A4,2005,d,1.0,7950.0,
633746ba68f0f764920ff332,Ssangyong,Kyron,2006,d,201335.0,4566.0,
6213ff07db6b026f50310a32,Dodge,Caliber,2007,d,192544.0,2888.0,
62b1cb4175e2ef33210f39d2,Audi,A6,2005,d,276000.0,12000.0,
62384d2498ca774a5f1ca9b4,Opel,Astra,1999,p,176500.0,2500.0,
62fc81c3cb708eb9aa0bd5a4,Opel,Meriva,2005,p,169000.0,4900.0,
632727af3501979553005252,Mercedes-Benz,ML,2014,d,192600.0,44500.0,
6323071d76040139af07f572,Mercedes-Benz,C,2008,d,214000.0,9990.0,
632347bebb37e8d6fa01d455,Peugeot,208,2017,d,50100.0,15900.0,
62deb05d36255fe882090863,Nissan,Navara,2010,d,50794.0,28500.0,
6342d64e09068ee2c306a6b3,Peugeot,308,2010,p,94700.0,6000.0,
62de8840947aec23670a6772,Fiat,Sedici,2008,d,107834.0,8000.0,
6342d6293948524aea0395a2,BMW,X5,2008,d,277300.0,19700.0,
6342d611475bb30675091163,VW,Touran,2008,d,245000.0,7900.0,
622b71177d5630797d42abe4,Hyundai,Tucson,2017,d,161831.0,29990.0,
611e5baeaa538c6af7596a63,Mercedes-Benz,B,2006,d,194000.0,6850.0,
6295ad25a26657d3020cb6e3,Subaru,WRX,2001,p,67788.0,12950.0,
61e2fb327762c675f96ef569,Audi,Q3,2019,p,18066.0,69990.0,
6314aab8d1b0c9eed10821a6,Mercedes-Benz,E,2019,p,57567.0,65900.0,
62fbb2c7c95795caf401bf23,Opel,Astra,2007,d,198000.0,5999.0,
62b465db3d3f170d6f0fee93,Volvo,S60,2004,d,245000.0,4300.0,
6340729535062116da0d40c3,Jeep,Wrangler,2015,p,131000.0,54500.0,
63285ac64f33d46adf01f7a2,Mitsubishi,Lancer,2013,d,176000.0,9360.0,
62fd08bf6e076ed622050bd3,Mazda,2,2005,d,223000.0,3400.0,
6341812ec1699ced740298c4,Peugeot,308,2008,d,161600.0,7800.0,
62deebbe04b42e2f15080162,Alfa,Romeo,2008,d,215000.0,5999.0,
62b468e5b674a86cfb0c5382,Volvo,XC,2008,d,226000.0,12500.0,
632c7f7af7dba4178108b404,Seat,Leon,2005,d,212000.0,4300.0,
628a7de44b52a935da0896b5,Lada,2105,1988,p,83000.0,3400.0,
62471f7a5ac45b5b8802c4a2,Opel,Corsa,2005,p,123032.0,3000.0,
63238769c9b15fcdd5084862,Seat,Altea,2005,d,324000.0,5900.0,
6342d4c7d30749ea1009b302,Subaru,Justy,2004,p,143000.0,5999.0,
6342d58355f8e95860028323,Audi,A4,2010,d,295649.0,18500.0,
63359e5d3f44bd8e110f65d2,Chevrolet,Aveo,2009,p,33000.0,4500.0,
6342d4f8da2fc59b38091ae8,Dacia,Sandero,2014,p,130000.0,11000.0,
5f744c03fb01991c760b1d72,Chevrolet,Aveo,2008,p,131000.0,3500.0,
629b7647f95d47299c06bc22,Chevrolet,Aveo,2010,p,121000.0,4700.0,
6342d47cb50aa7b07c0f2793,Skoda,Octavia,2003,d,186880.0,7550.0,
62794f20d1a1134be003b303,Peugeot,207,2008,d,208178.0,4300.0,
62925a3860e94e0f58036eb2,Citroen,C4,2009,p,175000.0,4600.0,
62c47a9608e7f0c3c6063725,Fiat,Punto,2003,p,88658.0,2600.0,
632ebcb494e2296eed02b6b4,Peugeot,Expert,2006,d,223000.0,5900.0,
62c6d073fe63e5c2da0ee6a3,Renault,Clio,2003,p,200241.0,2700.0,
62d01a2af7ea21147b076543,Peugeot,206,2012,p,186000.0,5999.0,
62177aba3e63302fca141ce2,Suzuki,Swift,2005,p,173452.0,4899.0,
63396e8b1326bd456709b723,Ford,S-Max,2007,d,208000.0,8000.0,
62ce77296a448441920e0a42,Peugeot,208,2014,d,154000.0,11500.0,
626bfa0d4612ae950d01b222,Honda,Jazz,2003,p,179328.0,4600.0,
632586be25cb241cc80cba75,VW,Golf,2004,d,234000.0,6000.0,
632eeaf630a626c83804a834,VW,Sharan,2005,d,221000.0,6900.0,
62ebe350ea0c35627009fa84,VW,Lupo,1999,p,212000.0,2700.0,
633c019c89ba633e2e050095,Honda,CR-V,2006,d,200421.0,10800.0,
630d1a33ee2d46cfa40fde53,Ford,C-Max,2005,p,228045.0,5700.0,
6326b1c3250f1d59d90f1c42,Honda,CR-V,2005,d,245000.0,10800.0,
63340ca2632b38fbce015148,Mercedes-Benz,E,2010,d,299000.0,19700.0,
5da42216a97fce0464363746,Mercedes-Benz,E,2011,d,116000.0,21000.0,
62827028667d7500c60bde32,Jeep,Grand,2010,d,202000.0,19000.0,
62bb32501d941c3eac0c9092,Audi,Q5,2012,d,200800.0,24800.0,
6331a9506e448970a2089db6,Audi,A6,2006,d,305000.0,7800.0,
633ad16824bf0d505d0fd812,Audi,A4,2006,d,285000.0,7400.0,
6228da4729a754661b48ab73,BMW,520,2014,p,295000.0,24999.0,
6329c05c389eba50990fb3e2,BMW,318,2000,p,245000.0,3750.0,
63407044f0b51dac450c7033,BMW,535,2011,p,166000.0,29500.0,
62ed797e96213f4693078492,BMW,318,2003,p,185000.0,4700.0,
632f49ec0b0ac6bb6804b672,Opel,Astra,1992,p,182000.0,1950.0,
62a839ffcbc64a3665050224,VW,Golf,2006,p,175161.0,4770.0,
631b689220289ecf2504f272,VW,Sharan,2007,d,174790.0,9990.0,
633d6653c7d8fc6a08016892,Toyota,Yaris,2007,d,167839.0,7699.0,
63137c56dc02ffdfe70cc0a3,BMW,730,2012,d,260000.0,30900.0,
620a3b09d6f6c60dbf3e11d2,Peugeot,206,2003,d,154759.0,2220.0,
62b1817c98c059182c04bc94,BMW,320,2006,d,238410.0,8600.0,
630b2d0664bdcc485b0a6a93,Opel,Astra,2001,p,248612.0,1750.0,
6310dc52d6a05cd0ce0b0464,Daihatsu,Sirion,2006,p,214000.0,4777.0,
604523073b0f7832ae27adf2,Smart,ForTwo,2008,p,123788.0,8000.0,
62b46aa19cb3447a1d0637b3,Mazda,CX,2007,p,215000.0,7300.0,
6310e283e2f7c8994303d6f6,Honda,Jazz,2008,p,195000.0,6300.0,
6307ba166241ead0b1032d83,Hyundai,Santa,2010,d,186000.0,12600.0,
630475c9004360e1b7007e92,Audi,80,1992,p,255000.0,2800.0,
6320a0dcd6f40bb5770decc2,Mercedes-Benz,CLK,2003,p,202559.0,6850.0,
6335aeef47d6fb77cf010d04,Ford,Galaxy,2004,d,234000.0,4998.0,
6342b0e36a4ba5544207b3d2,Renault,Megane,2002,p,155000.0,2600.0,
63427b54872417b7c703a473,Toyota,Yaris,2007,p,178000.0,8700.0,
629a63d9d7524730420a11d4,Audi,A6,2005,d,292000.0,7999.0,
63417f440bf0e11ec408c1b2,Peugeot,308,2013,d,179000.0,16000.0,
634012d28de950405f0ac882,Volvo,S80,2000,d,289000.0,3200.0,
63065c82e28578861e033ae2,Suzuki,Vitara,1996,d,127000.0,6690.0,
62ae0dda95e0c17fbb094084,BMW,X6,2011,d,240000.0,37499.0,
62e2896721b949f6570afa82,Citroen,Berlingo,2004,d,200000.0,4900.0,
627b5bf3cd29d9c83e0dc826,Toyota,RAV,2007,p,200009.0,15999.0,
633ad6d6ea6c1a036e0cb182,Mercedes-Benz,C,2000,d,300000.0,5000.0,
6342d3d49eaf681f8b040d14,BMW,530,2005,d,280000.0,17500.0,
62e554897d09c1e767093892,Ssangyong,REXTON,2007,d,244000.0,6900.0,
6342d3c9cb4e00f3580df1d5,Audi,A8,2007,d,233709.0,21700.0,
6342d31398e9d480fc067376,Toyota,Avensis,2011,p,171000.0,14900.0,
6342d2d6729103fc990b1732,Peugeot,307,2008,d,185000.0,4900.0,
6342d2bb06b5b54eaa006ea2,Daihatsu,YRV,2004,p,120000.0,2499.0,
6342d1f6110c1daf19084ba6,Dacia,Logan,2014,p,181600.0,11800.0,
6320b81ba0af4a68dc0474c2,Suzuki,Grand,2006,d,251000.0,9100.0,
6342d257c132f9abce00e873,Audi,Q7,2007,d,250000.0,15500.0,
6342d14fcf9096374c0a01c3,VW,Golf,2002,p,304780.0,4000.0,
62eac68de22bce4045067b03,Mercedes-Benz,ML,2003,d,300000.0,7999.0,
63051bf5373d71c7ae0de472,Mitsubishi,Galant,1999,p,260000.0,2000.0,
619e196504995d40df5fc9f2,BMW,X5,2019,d,119000.0,144900.0,
6332cef4a87652444000c662,Mercedes-Benz,E,2018,d,90000.0,79900.0,
62484f3d2ba842e7c3094bc3,Mercedes-Benz,C,2017,p,49000.0,74900.0,
6300b81d0e710970750f7ec2,Mercedes-Benz,E,2017,d,193000.0,69900.0,
62016313480a6e55b301f9d2,Mercedes-Benz,C,2019,d,74000.0,69900.0,
62c3e6a953c0e96a3a06bb02,Nissan,X-Trail,2019,d,61000.0,52900.0,
627552d254f7b7991006fd62,Mercedes-Benz,CL,2008,p,104000.0,49900.0,
60fdb193da154b0b260cdb02,BMW,550,2014,d,179000.0,48900.0,
61151f13885d5e205d4797b2,VW,Passat,2017,d,188000.0,43900.0,
62881777c3a1551a4306c5b3,Audi,Q5,2015,d,139000.0,42900.0,
62474be515f57fc6a9022493,Mercedes-Benz,C,2015,p,198000.0,39900.0,
631c7932009a757169073336,Kia,Optima,2017,d,178000.0,34900.0,
630a5bf6d2197119f80a3d92,Skoda,Octavia,2015,d,187000.0,33900.0,
61814394208e0d43a6627cd3,Mini,Cooper,2012,p,144000.0,19900.0,
6150d7d94c6c5253ed4a2a63,BMW,X3,2006,d,255000.0,9500.0,
62dacbe0cc6734a3d70efed2,Mercedes-Benz,C,2007,d,232000.0,9900.0,
62967ba5e9ade1cfa704f832,Mitsubishi,Colt,2006,p,149812.0,2450.0,
62f02486327c60a26800e562,Opel,Corsa,2003,d,191000.0,3600.0,
6318576995378d3e5b02a1a2,BMW,645,2004,p,245000.0,10000.0,
6305b1e16a1b58643b021044,Opel,Astra,2000,d,191000.0,3500.0,
633f0faf1eef75f06c019556,Opel,Meriva,2004,d,183000.0,2999.0,
6328cd56397a7946d3073432,Mercedes-Benz,C,2008,d,226476.0,12999.0,
63308f3329fbcd159c097bf2,BMW,X5,2005,d,214000.0,12500.0,
63008032cdf954a3020ee465,Mercedes-Benz,C,2003,d,265325.0,3300.0,
632c714fb40e1842880708d3,VW,Golf,2001,d,2345231.0,3300.0,
63300fc03920bdbeae0f2be2,VW,Tiguan,2009,d,213080.0,16500.0,
633d4a6b407bd0e72e0a4d12,Audi,A4,2006,d,240000.0,10000.0,
62f74cda4a2925931400ccf9,Audi,A4,2008,p,229611.0,11200.0,
62f5d58a3dfe803a430f3c93,Opel,Corsa,2003,p,86000.0,1400.0,
63240024ac56c1a05c0dc038,VW,Passat,2011,d,175000.0,17499.0,
632b3d9478f5c195d70450e3,Mini,Cooper,2004,p,175000.0,7799.0,
63187bd5ce800820700c2784,VW,Golf,2004,p,143000.0,3599.0,
62d711d6d4c19dba040f50a3,Hyundai,i30,2010,d,160000.0,8300.0,
629e0cb55e0af61d260431e2,Toyota,Corolla,2006,d,160000.0,7499.0,
63062b1cd46f82e02f0b6c63,Ford,Ranger,2005,d,148000.0,16299.0,
62e392337ff1c92f0302a772,Kia,Ceed,2007,d,142000.0,6999.0,
625ffd6c45ca8620930027b2,Fiat,Sedici,2007,d,152000.0,6899.0,
626a18e0c3d48954630b7842,BMW,530,2014,d,211000.0,29999.0,
62dec60fd2eeb418cb0d6393,Toyota,Auris,2009,p,158000.0,9199.0,
62a0ac56a237b0e7160e8565,Volvo,V70,2010,d,185000.0,10999.0,
6324335bc7e9c7bea7060383,Suzuki,Vitara,2002,p,140000.0,8999.0,
62f709f9362033480a025725,Mercedes-Benz,E,2003,d,195000.0,7499.0,
629435c125235589c00df7d7,Toyota,Avensis,2003,p,175000.0,7999.0,
63257638f0ac35f4940978a2,Skoda,Octavia,2004,d,233000.0,3600.0,
6342ce226a4d75cc280bfd45,VW,Golf,2006,d,151499.0,8999.0,
615295432959e85749796423,BMW,X5,2011,d,193000.0,28999.0,
618ab6fd5b73a9105435fd82,Citroen,C5,2009,d,248000.0,8000.0,
632f1aaf83178eca070a3934,Audi,A4,2001,p,257000.0,6800.0,
63106596239a68a8ef0c2325,Suzuki,Grand,1999,d,170000.0,7199.0,
6342b7dce280d2c8d00a44a2,Chevrolet,Spark,2010,p,111653.0,6300.0,
634096921c1c1a64100fe804,Nissan,X-Trail,2007,d,214500.0,6999.0,
6342d045c9ac0bff4c09e5b2,BMW,X3,2005,d,278240.0,12199.0,
633c1b04c86758f059014877,Peugeot,3008,2011,d,197000.0,16699.0,
63273843681b17454900d6b6,Opel,Astra,2011,p,90000.0,12999.0,
62ff5bca749a63f7530a6774,Skoda,Octavia,2006,d,223000.0,6300.0,
62f3cfd2dfab53fde0018812,Audi,A3,2003,d,261700.0,4799.0,
632c745d2b94aa5b930ef832,Peugeot,4007,2009,d,245000.0,12400.0,
631ee18d21178a7dde005ec4,BMW,318,2006,p,96000.0,5000.0,
630b97f89d6cd6282804b8e2,Porsche,Cayenne,2004,p,170000.0,11000.0,
633875b97c6cd807c70e6a23,Mercedes-Benz,E,2003,d,252000.0,8200.0,
63220b15b043431a32083a62,BMW,520,2006,d,370000.0,3500.0,
633fdf3d8cc4f7ec1a098212,Kia,Sorento,2004,d,222222.0,14000.0,
6342cfbce94cf193920d0444,Daewoo,Lanos,1998,p,255000.0,1250.0,
5da41a83abebe273e279b315,Audi,A4,2004,d,171000.0,7800.0,
6342cfa87054908773028054,Opel,Corsa,2004,d,200000.0,1500.0,
62b1fa0233fa1247ee001bd2,Toyota,Avensis,2007,d,265000.0,3800.0,
6342cfb3bc20d475730b2d73,Toyota,Corolla,2006,d,239000.0,5999.0,
6342cf96bb0561f83507cff6,Ford,Fiesta,2014,p,280000.0,8500.0,
6342cfa99f6a9338f609ab72,VW,Bora,2001,d,200000.0,4999.0,
6342cf62d0333fff4f0133c3,Honda,FR-V,2007,d,282000.0,7980.0,
6342cf5773c8e96282084276,Opel,Astra,1999,p,218000.0,2800.0,
62ee66176eb669d6b4030de2,Nissan,Micra,2003,p,119000.0,4130.0,
6342cf16aeffc3c7c2073093,Renault,Clio,2003,d,217358.0,2900.0,
6331abfaf1d678b5f00a5d15,Renault,Clio,2005,d,131300.0,2350.0,
6342ce3f20aa5344170f21c4,Mercedes-Benz,124,2002,d,4005000.0,4300.0,
62a71f6622ae078c3e02c5b2,Ford,Focus,2007,d,219300.0,3700.0,
6342cdf0b14786bf1b04fcf2,BMW,530,2004,d,210000.0,7500.0,
6325ad82938e66de09067cf3,Daihatsu,Terios,2001,p,166163.0,5399.0,
6338326cd52bd9639d0a39e5,Fiat,Panda,2009,p,120600.0,3900.0,
633fb145d8f96ccbe40e2b12,Toyota,Land,2001,d,292347.0,16999.0,
634148af4e303afc1c059bc5,Fiat,Doblo,2016,d,130000.0,12100.0,
6339d4e7dec9ed68c0054392,Citroen,C5,2015,d,163000.0,15555.0,
627a688fcd2eca3f1d08f4a3,Porsche,Cayenne,2008,p,200000.0,28000.0,
6311937a409f46a07d0d1502,VW,Tiguan,2010,d,190000.0,16500.0,
62c1baf4dfd312aeef04b9e4,Mercedes-Benz,ML,2006,d,230000.0,16700.0,
632f29093b30a37098030022,Mazda,MPV,1998,d,333426.0,2100.0,
633de85e6bcb933b3b031433,BMW,325,2005,p,231441.0,5999.0,
62a60f9a72358fcf60056424,Citroen,Berlingo,2014,d,190000.0,10500.0,
6338172e33d302fc250da872,Audi,A6,2002,d,365000.0,3800.0,
633727b5cc1800ba8d07a2d2,Smart,ForTwo,2002,p,106000.0,2200.0,
62ff9bb7ce850dc31a01a0d2,Renault,Kadjar,2019,p,160000.0,34900.0,
6320d5bf6378a14b3405f3a3,Audi,S3,2007,p,225250.0,14000.0,
6337dfe09813c895aa00c925,Daewoo,Kalos,2003,p,174000.0,2300.0,
6332e5770ec60d3811058986,Opel,Astra,2008,p,178000.0,22000.0,
631a1421f7e2ae7aad0ea362,Seat,Alhambra,2004,d,144700.0,7300.0,
6329ab042ceaf87c100d25a3,VW,Touran,2008,p,227000.0,11500.0,
62409b2348567155d35cf712,Toyota,Yaris,2015,p,120000.0,13300.0,
62ffa59b2d521ce701069422,Ford,C-Max,2013,d,179000.0,13999.0,
6342cdd042d327c9d00c93e3,BMW,330,2006,d,323000.0,10500.0,
6240c19c10705230e8773082,Nissan,Qashqai,2010,d,173000.0,11999.0,
634132b67db142710f0abb95,Mercedes-Benz,124,1993,p,200.0,4999.0,
62f636b301aa23f28a017cd3,Mercedes-Benz,C,2005,d,380000.0,6500.0,
6342cd6011ce0fccbe036a32,BMW,316,1995,p,300000.0,1300.0,
6342cd97ac9e252cd30ba3e4,Seat,Alhambra,2006,d,220000.0,3299.0,
6342cd8e4e93bb34b1048d95,Mercedes-Benz,C,2002,d,260000.0,4799.0,
6342cd2259eb107991047224,VW,Passat,2007,d,307000.0,7999.0,
6342cd0bce9aa0c10e05f712,Nissan,Qashqai,2012,d,189327.0,17500.0,
6311e4f9014ebfa82401d063,Mercedes-Benz,C,2005,d,198000.0,7700.0,
6342ccc959958890650457f2,VW,Passat,2005,d,273500.0,4700.0,
62cc5bc480f3ebde5d0b6322,Fiat,Doblo,2006,d,100000.0,6900.0,
62c4719d9970b9bc5204b902,Renault,Clio,2015,d,110000.0,13999.0,
631852bdcf7f4dc43004a327,Ford,Kuga,2009,d,147000.0,12999.0,
6331c15f6399a921950fb3c5,BMW,318,2006,p,172960.0,8490.0,
62fb6a2b4ae926c5d606a243,Peugeot,5008,2013,d,247586.0,12799.0,
62ff7bdfdc6087aeed008362,Opel,Astra,2017,d,119113.0,7999.0,
6096c59834ed7846bb0c89a4,VW,Touran,2004,d,220000.0,4900.0,
6235c96d1a70740e87770f95,Lancia,MUSA,2006,p,181000.0,4899.0,
60742dced1826b060076fc92,Honda,Stream,2002,p,178225.0,5499.0,
6171160467222971f608bf62,Ford,Fiesta,2004,p,159337.0,3299.0,
631c7f44a92aaf0524063722,Toyota,Avensis,2007,d,240000.0,7500.0,
6329c22a988cedbb980e8dd5,Audi,A6,2005,d,267039.0,4000.0,
62fe025957dc0082dc0ce2c2,Mini,ONE,2003,d,168556.0,4899.0,
6239c0042b554e64d40142e2,Mercedes-Benz,124,1994,p,335852.0,11000.0,
633e8cf8d70414d2e00b8052,Peugeot,307,2003,d,153000.0,3400.0,
63356fd286d46febe30955d5,Citroen,C4,2006,d,226999.0,3000.0,
633e901d90728ad1780c8db2,Peugeot,307,2004,d,147000.0,3499.0,
632a21096d2fe5915d051a34,Nissan,Qashqai,2011,d,123.0,18000.0,
63287b17867b44820f064b94,BMW,316,2004,p,212000.0,4000.0,
6342cb77d4ecca836d027f52,BMW,530,2004,d,260000.0,8500.0,
62e002759d261a1d110e9115,BMW,320,2002,d,313000.0,5900.0,
633e8e0bc740b9ad040ad762,VW,Bora,2000,d,201000.0,2900.0,
626ea69d6fe07cb592017342,VW,Golf,2006,p,217000.0,4999.0,
633e8be1bf64b913f2017042,Peugeot,Partner,2006,d,223000.0,3800.0,
632ac6fc9be243ee230028e3,Opel,Astra,2009,p,147000.0,6500.0,
6335dd35fac6b3cc5a05b9c5,BMW,320,2007,d,194000.0,5500.0,
632ac82197c7e0dd25006252,VW,Polo,2004,p,105000.0,3000.0,
62853cd8a408860fe0024a43,Audi,A4,2015,d,220000.0,24500.0,
631858c3bbd7002f12008923,Opel,Corsa,2009,p,110000.0,5050.0,
62a4c8327e1501d4f80c3e12,BMW,320,2009,d,199000.0,9500.0,
630f9f1ae786710b0d0b3a76,Mitsubishi,Pajero,1997,d,200000.0,9999.0,
630bc819805c3ddd71044722,VW,Golf,2007,d,193668.0,7899.0,
6328b8eaf5256b1056008b73,Honda,Civic,2011,p,180000.0,8999.0,
62cdc462a3c6b331460bed54,Mazda,5,2010,d,220000.0,6500.0,
6333189a9c3a1a35cc05c382,Toyota,Previa,2003,d,190766.0,5300.0,
6312442e7610ddd9750ad8f3,Ford,Fiesta,2004,d,200000.0,2600.0,
631856f9bbd7002f12008922,Opel,Astra,2005,d,202000.0,4100.0,
632b4d87b145f92532085082,VW,up!,2016,p,79000.0,5400.0,
63330fa1a7d8566cab0d88c4,Mazda,5,2006,p,157899.0,4400.0,
62fbc8b55092e7ceb7092b43,Opel,Zafira,2003,p,199573.0,3500.0,
614452c83082323a1a01c312,Nissan,Almera,2005,d,159000.0,2500.0,
62224c106c1502514c384cb2,Suzuki,Grand,2005,d,135000.0,6300.0,
631b73911edf0c935b09dda3,Peugeot,Partner,2004,d,270433.0,3800.0,
6329f4456c5c93a17508ca43,BMW,520,2013,d,200000.0,19999.0,
633fc917bafb869bd804dc92,Opel,Zafira,2003,p,210579.0,3500.0,
630665dd2cc5fabaef0fcfd5,Peugeot,206,2007,d,124876.0,2550.0,
62e8297f7e64e6db90009f22,Suzuki,Grand,2007,d,90000.0,6999.0,
61e965a4b134f1598e3a5192,BMW,316,1989,p,288088.0,7700.0,
6339d4d1ac47d8db9e01d8d4,Ford,Mondeo,2003,d,236897.0,2900.0,
6275168d93c507ad11098a02,VW,Beetle,2000,p,143000.0,2600.0,
634183a22ab1be178b0227f4,VW,Golf,2001,p,212579.0,3500.0,
633f1aa078ccb9c33201c422,Opel,Corsa,2004,p,146000.0,2850.0,
625eb96e14b7dc245c091c12,Volvo,V40,2002,d,213000.0,2500.0,
60a22c631603a77972746542,Peugeot,307,2005,d,105000.0,3350.0,
6325476e40efe467af052de2,Peugeot,308,2009,d,29324563.0,6400.0,
615576e3175e3b1c1d561982,Nissan,Almera,2004,d,154000.0,2700.0,
633316d6082df14b2d05ffb3,VW,Passat,2002,d,210000.0,2999.0,
621f34e3e4f6ac7a4825be04,VW,Polo,2002,p,132000.0,2550.0,
60dd72e542f5e905fc0ef4f2,Seat,Cordoba,2003,d,195000.0,2600.0,
63309607d43dbc11900f5442,BMW,X3,2007,d,189110.0,10999.0,
6322312cb362ad43ee07b352,Dacia,Duster,2011,p,191200.0,14500.0,
62f15cf3ced1282a230183b4,Hyundai,i30,2012,d,172000.0,8400.0,
6330a01bf873678f6105dfc3,Honda,CR-V,2008,p,234000.0,20500.0,
62a069a4410fa5f8d000dc32,BMW,X5,2008,d,290000.0,22500.0,
630bbcc8d077246c50066906,Mini,Countryman,2013,p,194000.0,18700.0,
6229cf6088b6382ed84cffb2,VW,Bora,1999,d,203000.0,2750.0,
633f3077feb3dee788058074,Toyota,Aygo,2009,p,119000.0,7500.0,
627517e5ca91ee9ba3038c02,Renault,Clio,2004,d,173000.0,2100.0,
60dd7563a324ec2ca43bd662,Mazda,2,2007,p,159000.0,2800.0,
6298bb629e7b549df60e2132,Skoda,Octavia,2003,d,193000.0,2600.0,
62bc15cf87ca0c95fd0e6fe2,Nissan,Almera,2004,d,168000.0,2900.0,
6275173b994b205cdf04f932,VW,Golf,2001,p,109000.0,2000.0,
6298ba218d8cc0de5e04d2f2,VW,Golf,2000,d,199000.0,2200.0,
633abde5acaad2947606ede2,Seat,Altea,2007,p,196000.0,7999.0,
6342cb672c0aa0ac62093fe2,Nissan,Juke,2013,p,96500.0,21000.0,
6342cb5d6c2d1c42f40d99b2,BMW,320,1996,p,304500.0,3300.0,
631f39c0fd2e6a95d7057ff2,Dacia,Logan,2016,p,66813.0,15799.0,
62dd5b3874c057d43c00e152,BMW,318,1992,p,222222.0,2401.0,
633ee34ec1b3d1006e015d62,Toyota,RAV,2005,p,201000.0,9800.0,
6331e5e1ab849025e40eac42,Honda,Accord,2006,p,233700.0,13000.0,
604daf3c49ae8d24e84473a2,Fiat,Panda,2008,p,169000.0,5900.0,
6342ca218418fb6ad407b533,Hyundai,i10,2011,p,104500.0,8250.0,
63388ea5343b5c5ab80d6312,Mazda,6,2007,d,234756.0,4300.0,
6327256ebefa454cda099e04,Mercedes-Benz,E,2003,d,230200.0,7200.0,
62fa6f5ff92b02bc5401d044,Land,Rover,1998,p,200000.0,2900.0,
62f26b040619346c8e0fa2e7,BMW,318,2004,p,218882.0,3000.0,
63205e553a3eaa59270bb634,Peugeot,308,2014,d,223000.0,15500.0,
62e900191762445849082452,VW,Touareg,2017,p,73439.0,51900.0,
6301304fefd67134740c32e4,BMW,X3,2019,p,71100.0,72000.0,
631488ab31ce6027d4069792,Hyundai,i20,2010,p,153000.0,7993.0,
63076a5e6fe41e2658013063,Peugeot,206,2002,p,190200.0,2800.0,
62ebedb4e412b680a80582b5,Toyota,Avensis,2009,d,199700.0,7993.0,
62f65bae087d061ef00f6dc2,Peugeot,Partner,2009,d,202700.0,4200.0,
631b350420b65c53c2053492,Fiat,Fiorino,2008,d,179000.0,8000.0,
620d2a02e66a3748f41e03c3,Ford,Mustang,2008,p,260000.0,20000.0,
6337034b5966403d5f044e02,Dacia,Lodgy,2015,d,107230.0,15699.0,
62d6dc4f3bec2867910abae2,Chevrolet,Cavalier,1989,p,166000.0,3000.0,
632af0294a25418bdb0d3422,VW,Beetle,1973,p,8888.0,8500.0,
6331967b0709535c42044692,VW,Caddy,1986,d,222222.0,5500.0,
6308cc3e69aaecacaf015414,VW,Golf,1983,d,222222.0,8000.0,
62123ef01083033c9378f302,VW,Passat,2005,d,225080.0,4800.0,
6289ee1faf8cdc42c5037dc3,BMW,530,2012,d,285000.0,30900.0,
6255abd64193bff5d10bf3e6,VW,Golf,1985,p,94000.0,15000.0,
6223be5f7ab8f369975d3012,VW,Golf,1987,p,303000.0,7500.0,
6342c9c8459ba49e1103e5a6,Ford,Ka,1998,p,133500.0,999.0,
6283ac8315b84c7b4c019e23,VW,Golf,1990,p,333333.0,3500.0,
6342c9400bdc1a2c3e00ae93,VW,Lupo,2002,p,115000.0,3200.0,
62b35bb996cc608aed014ae2,Renault,Clio,2017,d,102000.0,12999.0,
61a3a1d47fbe8360ce443a32,Lada,21061,1988,p,100584.0,10000.0,
6342c8ebc16dc149b5091d23,Mercedes-Benz,S,2015,d,273000.0,77800.0,
60ae7e66cc7f922554393503,Fiat,126,1990,p,6500.0,4300.0,
62b5f5b4d94a647acb0cb7b2,Suzuki,SJ,1990,p,186000.0,6000.0,
6342c8ac4080c44c45012f62,Peugeot,306,1995,p,200000.0,950.0,
61c77f82fda23c0f114ca3b2,Honda,Civic,1986,p,20000.0,9000.0,
5da42160f969787ed811d1b3,Honda,Prelude,1986,p,206000.0,15000.0,
61b5093f1191c91f3833df33,BMW,324,1987,d,215876.0,10000.0,
61757dc7b04a8c7fe20d6655,Mercedes-Benz,190,1992,p,291000.0,4000.0,
628bcf7581815277030f3f43,Skoda,120,1982,p,13800.0,3000.0,
62a8bfe4f86ca7fa410df8b3,Lada,21013,1984,p,65000.0,1500.0,
6342c8ee4bb7a70f180e27d2,Audi,A3,2008,p,165000.0,13800.0,
6331673fcf472850a30183f2,Mercedes-Benz,ML,2003,d,240000.0,8100.0,
6342c8cbc9f3514d010fb872,Mercedes-Benz,ML,2007,d,206500.0,16800.0,
632de12b178e601d7e01f6b4,Mitsubishi,Canter,1999,p,260000.0,1200.0,
629b8c36b89643778a0c3153,Volvo,S80,2003,d,320000.0,5000.0,
63052422b35a7a988f0f2023,Citroen,C5,2010,d,226000.0,13300.0,
628ba7f6463e8f71190ef0d4,Mercedes-Benz,SLK,1997,p,167000.0,5400.0,
6342c88ec36d3778530b2eb2,Mercedes-Benz,CLS,2007,d,250000.0,7300.0,
6342c83ee989d839780908f2,Nissan,Micra,2015,p,97500.0,9950.0,
632af9feb2f0f21af80071b6,Audi,A3,2005,d,273000.0,9300.0,
633997752afe0fd2120645b3,Mazda,3,2005,d,227431.0,3200.0,
62efb90769dd9b2b3b0204d9,Mitsubishi,Pajero,2003,d,180000.0,7000.0,
63393bfd8204ba1902032492,Peugeot,307,2002,p,280000.0,2550.0,
62ec3c2f92df065e480402b2,Mercedes-Benz,E,2009,d,265000.0,18500.0,
62f4c960fc02e7729d0a3fe2,Peugeot,3008,2011,d,183000.0,14200.0,
630de310cd3517318708f482,Mercedes-Benz,A,2008,d,187500.0,2800.0,
62c2cb6b0b1696b2fe0fb7c3,Peugeot,307,2005,p,201000.0,2950.0,
63172e44169ead02fb0b0d34,Peugeot,407,2006,p,202000.0,6999.0,
63408972e13827bec40170b2,VW,Passat,2008,d,173000.0,9500.0,
62c5f39657f5e32b7a076cd9,Volvo,XC,2009,d,202000.0,19900.0,
62e42c3ae6f29cd6750c4302,Fiat,Freemont,2012,d,216000.0,15500.0,
632888cf6332b9b9860814a2,Seat,Altea,2006,p,150000.0,7350.0,
62f16575441f4c4feb08d942,Suzuki,Vitara,2016,d,163000.0,26500.0,
627aca2bef34ccb8b80c8513,Peugeot,4008,2012,d,146000.0,20999.0,
62d8674315ee67ad560ea3c2,Dacia,Duster,2012,p,225000.0,14300.0,
630de0a429af819e7b048842,VW,Polo,2004,p,136500.0,3400.0,
62dec0c81548c60ee602e9b3,Mercedes-Benz,ML,2008,d,228000.0,15999.0,
62f29bfc3170ba35520cb7c2,VW,Touareg,2007,d,198000.0,14900.0,
631799dbda20c9e0820a0632,VW,Touareg,2008,d,250000.0,15300.0,
62cf2e0cd329fb0969062482,Audi,Q5,2009,d,210000.0,22900.0,
63393f65c709e0a6c207e402,VW,Golf,1998,d,284000.0,2300.0,
63222fb600f0c644c90618e2,Audi,Q5,2010,d,220000.0,25900.0,
633b441b67e884bd560e4a02,Audi,Q5,2011,d,203000.0,23900.0,
6335f44bbe33119d720fef72,Fiat,Sedici,2007,p,181000.0,8500.0,
62f29a2eff7ca93bdc0e65c2,Hyundai,Getz,2003,p,186000.0,2550.0,
6286a3457f29cf476c0d28a2,VW,Passat,2005,d,215000.0,7500.0,
632cbd52e89d2f50f605c8e2,BMW,318,2013,d,205000.0,16500.0,
632dfc48da191558240c1eb2,Skoda,Octavia,2014,d,240000.0,19500.0,
625ec2af6cf0f523e90e8635,BMW,X1,2013,p,193574.0,21000.0,
62e5862e9f820c648f01de62,Kia,Ceed,2011,d,184000.0,8990.0,
63052463e7f1c1cac70e9662,Audi,A4,2009,d,214000.0,15500.0,
6342c8104a60d86528097902,Audi,A4,1995,p,230000.0,3299.0,
62ca877aed781207e105d495,Peugeot,Partner,2001,p,196000.0,3499.0,
630e709802bbefbcee0ac232,Audi,A4,2008,d,243000.0,12500.0,
63264b1501053ac5fa0d4944,Audi,A4,2008,p,173000.0,14800.0,
6342c810162dee1c44010ba2,VW,Polo,2011,d,217000.0,8600.0,
6342c7f30e453210060af892,BMW,318,2003,p,260000.0,3000.0,
62e6b02c4d7939ea940884d2,Audi,A4,2008,d,239000.0,15500.0,
6324b35d37d62f291309b344,Ford,Fiesta,2016,d,92445.0,15800.0,
6342c7d0add13ac9c4093362,BMW,535,2015,d,239000.0,47999.0,
62f6a3ba4804bb1a5b030e22,VW,Golf,2013,d,178000.0,23500.0,
62cf19a66599084565005d55,VW,Touran,2006,d,209500.0,8777.0,
62f7a5ce1be1fe1e1e069de2,VW,Golf,2009,d,193000.0,13500.0,
633d9ebd6cd632b35a0c6588,Opel,Meriva,2010,p,130000.0,7300.0,
5da41fd26aa9c57342244698,Peugeot,307,2004,p,189500.0,3650.0,
63408bbf83fe97dc5802dec2,Citroen,C5,2016,d,193000.0,19500.0,
62cfcbeadc4da96f97037e82,Suzuki,Grand,2009,p,178000.0,14900.0,
63384b97803d7f1d980ed082,Audi,A3,2010,p,189000.0,10500.0,
633458d443738f4e2b069956,Mercedes-Benz,GLC,2018,d,195000.0,65900.0,
633f26d30f061dcb300a5f42,Mercedes-Benz,E,2017,d,201000.0,65000.0,
6326ec25053fe3a4d000d403,BMW,525,2001,p,400000.0,7700.0,
6336ebde4580e29b4508d942,VW,Passat,2004,d,22469.0,5200.0,
6342c776bb5961ead8060ff2,Ford,Focus,2006,d,249000.0,4200.0,
62f13c1b5acda8391c08eb44,VW,Golf,2005,d,194000.0,6000.0,
633dcf0ac2917d240302e8d3,Mercedes-Benz,E,2019,d,223000.0,64990.0,
62d52bc0cbf684fb50060382,BMW,530,2011,d,175000.0,26500.0,
6314e5a825fe2326540928d5,Nissan,Qashqai,2011,d,221980.0,14500.0,
616c3626f505da1a6636bfc2,BMW,318,1993,p,200000.0,1599.0,
633fec678765bafcb10789b2,Opel,Zafira,2001,d,240000.0,1499.0,
61a8c41070cc0d628a00d982,VW,Golf,1997,p,225000.0,2000.0,
616ac6bd755af273244d1ad3,Opel,Corsa,1995,p,200000.0,1150.0,
62e55f2b9eaa9b39310027c5,Toyota,4-Runner,1996,p,282501.0,16499.0,
6342c6ae0bdc1a2c3e00ae92,Audi,A4,1998,d,210000.0,2550.0,
632cad4c17261c67c60d0c42,Mercedes-Benz,C,2012,d,208400.0,22900.0,
62ed0cd935f4f9f48602b725,Seat,Toledo,2004,d,226000.0,3800.0,
6318ed32c9d9b4145302e572,Mercedes-Benz,C,2011,d,233000.0,17395.0,
626c41bf5326a86cde0781a4,Opel,Astra,2016,d,110000.0,16500.0,
61a39c9ef70d4b4abe128ff2,Audi,A6,2008,d,203000.0,14999.0,
5da419076aa9c5734220669c,Opel,Astra,1996,p,200000.0,1499.0,
62da7e09e986b33fcc0b2ab5,Honda,Insight,2009,p,172500.0,12900.0,
633c5c4958304a538f0504c2,Renault,Symbol,2008,p,40112.0,3900.0,
633b274f44ac915fd80738d2,VW,Beetle,2000,p,94500.0,5000.0,
6342c66ab2fb6c2269079814,VW,Golf,1999,d,299000.0,4200.0,
6342c6465efb17dddf084753,Fiat,Punto,2010,p,398000.0,5000.0,
5da41e87f969787ed8110904,Subaru,Legacy,2003,p,189000.0,4300.0,
6342c62e1480c5c0620613f4,Citroen,C3,2005,d,172000.0,3599.0,
62a4519d196780aaa90cfc52,Audi,A6,2012,d,220000.0,30000.0,
62c5b58bf6a9c930630292d2,BMW,320,2004,d,301000.0,4500.0,
6338a46e3cfb195a5208c062,Honda,Civic,2001,p,107000.0,6490.0,
633d6e39b07e80dcde0851b7,BMW,530,2004,d,28000.0,16000.0,
6342c5d818832e1bef028255,Ford,C-Max,2012,d,162000.0,12500.0,
6342c57d225ee2dd9f019b12,Alfa,Romeo,2005,d,218678.0,3100.0,
6342c5f7932112eb6d0fc932,Daihatsu,Feroza/Sportrak,1994,p,38900.0,4500.0,
6342c58736a9664f2f087dd2,Peugeot,207,2009,p,164800.0,7777.0,
5f7c4b23cbdc185074251935,Lada,2101,1971,p,58000.0,1200.0,
63396736790373b2980d8442,BMW,320,2004,p,197200.0,8200.0,
6342c52d12cec5dfdd0fec93,Mercedes-Benz,E,2016,d,210000.0,69500.0,
6342c51498f6ab331b0dfa22,Toyota,Avensis,2012,d,180000.0,9990.0,
63349f4e5fe08d4bdd0d54c2,VW,Bora,2003,d,310000.0,4300.0,
6342c4fab5e9892af3018f22,VW,Golf,2001,p,198000.0,2300.0,
63396888ec8b1e28b10e46e8,BMW,X6,2009,d,181000.0,25555.0,
6342c47c7d7c19051c0179a2,Skoda,Octavia,1997,d,250000.0,3700.0,
632df1325612890ee8066685,Mercedes-Benz,ML,2014,d,245000.0,35555.0,
632e01d82cd437783d0899f8,Mercedes-Benz,CLS,2016,d,234000.0,49999.0,
6339682203963ce7150df5c3,Audi,A8,2011,d,277.0,29999.0,
62921b85805614ba7d065723,Peugeot,206,2010,p,166589.0,4650.0,
6342c4274644d42b1a066b14,BMW,325,2009,p,166.0,14000.0,
633a816d30dc260da606cb04,Mercedes-Benz,CLS,2011,d,300.0,25555.0,
6305e88c8c19a8479108a612,Renault,Kangoo,2001,d,259800.0,2600.0,
6342c44a1c4a663255053948,Mercedes-Benz,ML,2004,d,214000.0,7700.0,
63405134eae6869db003eb45,VW,Golf,2015,p,141000.0,19999.0,
63124f411481a6dd9d0b84c4,Renault,Espace,2000,d,276850.0,2400.0,
632e98bbc408b5e4640c3573,Mercedes-Benz,ML,2008,d,245000.0,13900.0,
620a2ef84f277a7ad8604cf4,Alfa,Romeo,2004,d,250000.0,3000.0,
632ea4e596728556b90c1234,Land,Rover,2011,d,214000.0,29999.0,
632dfea4e95659dae00bf4d3,Audi,A6,2005,d,245000.0,6555.0,
633473db5134dc9647054763,BMW,X3,2011,d,367.0,25555.0,
6342c42d5e33b24fe002f592,BMW,535,2005,d,265000.0,17000.0,
634051da605a8fede90bfa0c,BMW,X6,2009,d,222222.0,25555.0,
633c782993b65b026d0b7e84,Opel,Astra,2009,d,211000.0,4500.0,
632e00901f1ea97d130ee332,Infiniti,QX56,2008,p,190000.0,24444.0,
632dff4cacd3e4608a025eb2,BMW,750IL,2012,p,190000.0,25555.0,
632e027c917dc94f7904cef5,Mercedes-Benz,GL,2013,d,190000.0,49999.0,
631e3170392f20e0ab078b24,BMW,530,2005,d,260390.0,7500.0,
632e011f5426c40ac30c6f54,Mercedes-Benz,CLA,2017,p,149000.0,59999.0,
634147e6b027e674af06b4e2,Audi,A8,2004,d,192000.0,14900.0,
632e99514d66d036610bbdc2,VW,Touareg,2011,d,234000.0,24444.0,
632e99c37adfcdde7609dab2,VW,Touareg,2011,d,234000.0,23334.0,
632e9b167adfcdde7609dabc,Mercedes-Benz,S,2021,d,56789.0,189999.0,
62a5dd2d962082eb760c1062,Mercedes-Benz,ML,1999,p,320000.0,6000.0,
632dffd8fdcf4d788602d3c2,BMW,X3,2007,d,201000.0,10400.0,
6256904b9257a99a660f17a3,GMC,Sierra,2002,p,350000.0,14500.0,
63359a6c764b0c2f2802e605,Ford,S-Max,2007,d,198000.0,7300.0,
633acc4213e790645a025432,BMW,330,2009,d,277000.0,14999.0,
627bf4be9b1ca0841c05dd12,Citroen,Xsara,2005,d,180000.0,2700.0,
63371fd3c6e114107801ca26,Nissan,Primera,1992,p,217831.0,1350.0,
633d84af9745a75026047713,Mercedes-Benz,E,2006,p,250000.0,8500.0,
628e020e60d271c1400885b2,Volvo,V50,2005,d,160000.0,3600.0,
6311b498e2414dc8cc0c97a2,Opel,Frontera,2006,p,250000.0,4100.0,
616ae62d4ddcb417f84cdca2,Mercedes-Benz,GL,2008,d,251000.0,9000.0,
6324958ee430570ac309e605,Opel,Zafira,1999,p,217362.0,2250.0,
62f7991b988397057802bae2,Dodge,Journey,2009,d,177000.0,7999.0,
6342c3888bdc48288805b0a9,Nissan,Qashqai,2012,d,190000.0,13500.0,
6342c366ec5558121e0c6cf2,Mercedes-Benz,C,2015,d,275000.0,37000.0,
630f4f20b5ef8dab75048793,Renault,Kadjar,2018,d,182000.0,26900.0,
631067e612aa9f21c10dfdb4,BMW,X5,2015,d,116900.0,55500.0,
630f486adfb51efdfb02c4e2,Skoda,Octavia,2017,d,181000.0,24500.0,
6342c3623f372f973f018068,Citroen,C5,2005,p,300000.0,4000.0,
632947da76ff1886b004e354,Mercedes-Benz,C,2008,d,230000.0,15555.0,
6342c2d78bdc48288805b0a8,VW,Passat,2008,d,200000.0,9199.0,
6342c343ab531212eb065853,Mercedes-Benz,ML,2008,d,230000.0,17000.0,
6205049900334f304d0bba52,Mazda,6,2009,p,180000.0,9300.0,
6342c2e3ea1e94022402f5b2,Alfa,Romeo,2007,d,273000.0,4000.0,
62cfc3b4e04f10251a06bf42,Audi,A3,2005,d,200000.0,7700.0,
6342c2d80a765cc2160ed692,Renault,Laguna,1995,p,243000.0,1500.0,
629b2a0df794b0f152011e95,Mazda,2,2008,d,140000.0,4000.0,
624950d7ca2d45a5e90609d2,Mercedes-Benz,C,2008,p,200000.0,12400.0,
6203bc6259ffd05475039033,Peugeot,4007,2008,d,180000.0,8800.0,
63401a70a4de32cc260f0112,Seat,Ibiza,2004,p,180000.0,3500.0,
6108e7fbf1075420d67cbaa4,Ssangyong,Korando,2012,d,150000.0,9400.0,
60bcbc7e98c80a77ff5b5132,Fiat,Grande,2006,d,180000.0,5500.0,
63033f03a78bad4e450c18b6,Audi,A4,2005,d,200000.0,7800.0,
626d73e4c853c4f5c4014b02,Audi,A6,2006,d,200000.0,8700.0,
5da4173d89db6c29a93dfa55,Opel,Insignia,2009,d,200000.0,4300.0,
63260179504fd59db1016962,Mercedes-Benz,C,2005,d,383000.0,5300.0,
61f6f59f4368f46aed3ef253,Mercedes-Benz,B,1971,p,1000.0,45000.0,
6332f553c6750df40b04f023,Citroen,Xsara,2001,p,168000.0,2750.0,
6332f69cc6750df40b04f027,Peugeot,206,2004,p,123.0,3100.0,
6329b38d638ed07e5b0fcda4,Peugeot,307,2007,p,123.0,4999.0,
5da41e33f969787ed810f486,Mercedes-Benz,190,1992,p,171500.0,13000.0,
6341b274966c04062e025d07,VW,Tiguan,2017,d,200000.0,59000.0,
6087b0491417be4cfb589076,BMW,X5,2002,p,111111.0,11000.0,
633d41ca2d7cb1ef5e049913,Suzuki,Grand,2004,p,133000.0,7800.0,
6342afc2fc0a220ab302ef82,Land,Rover,1999,d,109000.0,10900.0,
62417124f7f74b764c361793,Mercedes-Benz,E,1997,p,123.0,4500.0,
6342c293b2a8c811c300cbac,Toyota,RAV,2007,d,180000.0,6990.0,
62fe67d73adf4e745a0b6ac5,Mercedes-Benz,C,2010,p,137000.0,16400.0,
627615680dd5a4a0f208aa53,Peugeot,207,2008,d,123.0,4900.0,
6342c22ee0168833cd01da94,Nissan,Qashqai+2,2009,d,188672.0,12500.0,
628cda53861d6957ca09e562,BMW,320,2008,d,228300.0,9600.0,
6342c1fe76c50ac3dc052993,Mercedes-Benz,ML,2007,d,250444.0,13900.0,
6342c1fe7286c2c77007c523,Renault,Espace,2004,d,160000.0,3500.0,
62e4dee7514ce954130eaa12,Nissan,Qashqai+2,2011,d,180500.0,13200.0,
6342c1da303729fb6c03d992,Honda,Jazz,2006,p,170000.0,6000.0,
62dae48592da98e7680f8242,Suzuki,Grand,2003,p,270000.0,11499.0,
627a3c7f4a587227f70d7733,Audi,Q5,2011,d,187333.0,24999.0,
6342c1cc25777fab7f0d0b22,Fiat,Croma,2006,d,300000.0,3700.0,
62ffacd20f59199069044c33,VW,Passat,2006,p,185300.0,7400.0,
61cdb59d59f5415bd57f6313,VW,Golf,2013,p,121458.0,12999.0,
630dd9877e883765780ebab6,Citroen,Berlingo,2005,d,123.0,3999.0,
63198cb78fad3f80410dcf12,Nissan,Micra,2012,p,149300.0,8700.0,
6304ab4584ef19c78506ccf5,Toyota,RAV,2012,d,182900.0,11899.0,
63070b9bc779c6e21c09a1c5,Nissan,Micra,2006,p,150200.0,4400.0,
6335ca5634fcc4771f05a5c3,BMW,118,2012,d,152600.0,9688.0,
633aa8a28fdd2f019102f982,Mercedes-Benz,E,2007,d,265000.0,6299.0,
630f21a0cd292fad1d0a36f2,Porsche,Cayenne,2012,d,252130.0,38900.0,
6310b4d977b5005fb00fcb45,Honda,Accord,2007,d,221669.0,7900.0,
6311c1ce92ee1b66a60ae6a3,Hyundai,i20,2009,p,181000.0,6500.0,
6320739f1f64fb4b12012602,Mercedes-Benz,C,2008,p,271664.0,9500.0,
632c59ef90c5140d1e01b1f2,Peugeot,207,2008,d,156300.0,4700.0,
632d470fe065be5787092e84,BMW,320,2000,d,302354.0,2850.0,
633409b93e2934da9f0db3d4,Skoda,Fabia,2006,d,123.0,3300.0,
62e91271cecb12bf6200e593,Honda,Jazz,2006,p,182000.0,4999.0,
633e976ee9504c72d106d195,Peugeot,207,2006,p,202300.0,4800.0,
630b9c5ab9122c1c240b4fc6,BMW,X3,2007,d,186000.0,13800.0,
62efc2a579075e629f0699b2,Volvo,C30,2008,d,132500.0,8700.0,
632610fb292b764e250c0f73,BMW,318,1999,p,350000.0,4000.0,
62ae3fa2ef2cf340f40c3552,Mercedes-Benz,CLS,2019,d,86000.0,92999.0,
62fea50a45ca44e9bd06c533,Mazda,2,2008,p,141630.0,7900.0,
62fea6121d16d635470bca86,Ford,Focus,2009,d,168200.0,6300.0,
634033ff828f00bd860908a2,Chrysler,PT,2007,p,126000.0,8500.0,
6342c1a0f6d7cc49280b75b2,Audi,A3,2000,d,190000.0,4499.0,
625450d637e0fbb8940efbe3,Mercedes-Benz,ML,2012,d,206000.0,45000.0,
6342bff03ca52ccaf106afa2,Dacia,Sandero,2008,p,247000.0,2900.0,
63412e6332acd4c0100252f2,Toyota,RAV,2011,d,280000.0,12999.0,
6342c169bf07b9c2b409b313,BMW,318,2008,p,224564.0,9900.0,
6342c1411e75e404e80ca8c5,Audi,A4,2005,d,480000.0,4800.0,
633b59aee3cd6f25e2080fa2,Toyota,Corolla,2005,p,172000.0,8399.0,
62dc3098ab2c112ece0090a2,Toyota,Yaris,2012,p,139000.0,13999.0,
63218c18ca391676070dd507,Opel,Insignia,2012,d,172000.0,12000.0,
62c1aaa3bc8a974e71050cf2,BMW,750,2012,d,238000.0,37999.0,
6342bf9c788836b19b070872,Volvo,V60,2011,p,85000.0,20500.0,
63066fb8c18cd5b1a80ce404,Audi,A6,2008,d,391000.0,10500.0,
620951af324f8b1cd5721eb2,VW,Golf,2005,p,202469.0,6600.0,
630f0dad4e93d9832f0c45c3,Audi,A4,2006,d,228000.0,10000.0,
6335537f22aae36ca4060d04,Opel,Corsa,2008,d,95000.0,5999.0,
6310d2ea2212c5f086027c42,Audi,A4,2004,d,256000.0,4800.0,
620ea34bf92ba90eab72bf92,Seat,Leon,2010,d,211645.0,9200.0,
631a628fbd4fbd517a0ce652,Audi,A4,1998,d,269515.0,2650.0,
61fea080e9c7900adb4e6002,Toyota,Avensis,2010,d,251568.0,10800.0,
63221b677bfd7485740f8233,VW,Golf,2012,d,201387.0,10900.0,
6342c0b418d19aef17054ff2,Jeep,Grand,2003,d,294863.0,8500.0,
633730765b60c3aaba0e1212,Citroen,Xantia,1998,p,148633.0,3999.0,
628d053b840a9c73090d02a4,VW,Jetta,2005,d,220466.0,6900.0,
633c3ea2e8247be0d004e182,Audi,A6,2008,d,201000.0,11500.0,
6342c0bd4644d42b1a066b12,Range,Rover,2008,d,164000.0,15900.0,
6342c052bfc10c0960077af2,Fiat,Punto,1996,p,160184.0,1500.0,
6342c026929d4f31140bac75,Toyota,Camry,2000,p,200000.0,11000.0,
6342bfd69bb97c7aa30be052,Ford,Focus,2000,d,334967.0,1500.0,
6342bfa5e416492fb707b683,Mercedes-Benz,C,2005,d,256800.0,9200.0,
633856c12cda4321a40a67b5,VW,Touran,2008,d,111111.0,8900.0,
6337ca25690482b4900d4182,Peugeot,307,2006,p,159281.0,5600.0,
62ec9fbe370ef4d1e9060203,Nissan,Qashqai,2017,d,73000.0,28999.0,
631ac5ce89eea794f30dd514,Mercedes-Benz,ML,2012,d,212000.0,37999.0,
62ff520de170229c62052bbb,VW,Beetle,1999,d,190000.0,2100.0,
630dc589cf60739cdf09de03,Citroen,C3,2004,d,200000.0,4100.0,
630d9ad47e99343e1506cb53,Mercedes-Benz,ML,2008,d,187000.0,15999.0,
62b9fd7d52ec12b00308d4e3,Toyota,Auris,2010,p,221000.0,15999.0,
62c8e9b7e5c7c5ab7f0e4952,Ford,Fusion,2006,d,208153.0,4400.0,
6310421b855042025104ae12,Kia,Sorento,2006,d,211543.0,8888.0,
6335554c559420b0120cdc33,Opel,Meriva,2005,d,218293.0,3900.0,
6341934d1b6f26f5e90e08c2,Renault,Megane,2003,d,230000.0,2650.0,
63354842f20ef18316005b45,Subaru,Justy,2006,p,126391.0,6600.0,
60a56da66a97362e7061e403,VW,up!,2013,p,196666.0,9200.0,
634036cbf4606b3bd602b124,Toyota,Avensis,2011,d,257321.0,6800.0,
6304d710f31a9a33da04eb62,VW,Touareg,2007,d,279000.0,19000.0,
62d1ece5d86a7844950925a2,Nissan,Micra,2014,p,128200.0,17999.0,
626da05876cbee6b7a0fe212,VW,Golf,2013,d,110000.0,19900.0,
62bea29ffcf9a0e3400772f2,Mercedes-Benz,CLS,2012,d,239318.0,32900.0,
627522b7d279ae81ad02c5b2,Toyota,Verso,2009,p,193400.0,14300.0,
62dc26ce5009c6bf6b04dee2,Mini,Countryman,2012,p,137000.0,22500.0,
6342bf6502cf5beacf0a0732,Honda,Jazz,2003,p,193000.0,6300.0,
628733798b5c5fcd81056052,Mercedes-Benz,ML,2006,d,337000.0,10500.0,
63349354c67f5552b40bee62,Mercedes-Benz,E,2006,d,223676.0,8700.0,
6320a339db6fa209be0295f2,BMW,525,2006,d,310636.0,7700.0,
630e4dba0af6512cd50e2b82,Audi,A4,2015,d,145000.0,26500.0,
6342bece72f863edcf0fbb34,Renault,Kangoo,2004,p,183000.0,5600.0,
6342bf1d758ee88baf066dc6,Nissan,Almera,2001,p,190250.0,2200.0,
631bbceb9c5ecebd80088ee5,Peugeot,206,2004,p,128000.0,2199.0,
6342bf03251e25bc3809ece4,Dodge,Avenger,2009,d,350000.0,7500.0,
6273ecf83f4e596bb70fc1b2,Fiat,Stilo,2003,d,222442.0,2950.0,
632b006b3f183197f8061889,BMW,330,2006,d,330000.0,10800.0,
62c31b90f912e33f0c0826d2,Renault,Kangoo,2004,p,210755.0,6400.0,
63381122c964fba03508f992,Audi,A3,2006,d,174000.0,8500.0,
631a0b42358f2652b70e56b5,VW,Passat,2009,p,220000.0,10300.0,
6342beb6d04ef33fcf0d8e72,Mercedes-Benz,S,2015,d,180000.0,72500.0,
62f88df404c2a6f6560068f3,Mercedes-Benz,C,2012,d,195000.0,21500.0,
632475394b808614b5085be2,VW,Scirocco,2009,p,179000.0,22500.0,
62f88e9fc9905f67fc0b14f7,Citroen,C-Crosser,2008,d,230000.0,8800.0,
62ffa8dab69b2bdb86061843,BMW,320,2001,d,380000.0,2650.0,
633c4647cdbce495a90d7f62,Opel,Insignia,2014,d,216000.0,21500.0,
633000a6ffe7bd3b8f0d99a2,VW,Passat,2007,d,254000.0,7900.0,
6334853ff1802d65550f6347,Kia,Sorento,2005,d,232700.0,7300.0,
62b0b3865cd963fd4c046893,Jaguar,XJR,2004,p,88000.0,27000.0,
63274ba0f5d777b52a0e17a2,Audi,A4,1997,p,246000.0,3222.0,
6342be3a35132df0c0019ef2,Hyundai,Santa,2006,d,237000.0,10500.0,
6342bdfb1efefbf15f0e8462,Peugeot,206,2000,d,190000.0,1950.0,
62efda03211288c7a60c0985,Toyota,Avensis,2006,p,309000.0,5999.0,
6341dff39b84c3f7780bcc13,Mercedes-Benz,E,2011,p,93000.0,49999.0,
6342bdd50e704d65c3000a24,Audi,Q5,2013,d,190000.0,42000.0,
61c9c811a6251c0d2e0e72c4,Opel,Antara,2011,d,212740.0,12900.0,
631df47e76119ad21a04ff62,BMW,735,2004,p,22300.0,7100.0,
63414841b9afd1702c0185d9,Toyota,RAV,1999,p,425000.0,3299.0,
61070245af52f36588605f62,Renault,Espace,2004,p,282000.0,6300.0,
6314b5040bfff228c7092fa2,Opel,Astra,2000,p,167072.0,3390.0,
62fcd3775ec321f0c404ff52,Fiat,Tipo,2018,p,61000.0,24499.0,
6329e6562d2d46723e04c302,Honda,Civic,2006,d,240039.0,6400.0,
60d1d93d673de944643154e3,Nissan,Qashqai,2014,d,189805.0,13600.0,
6342bd68929d4f31140bac74,Opel,Astra,2016,p,94372.0,20880.0,
6342bd60fcf15601f00b89a3,Honda,CR-V,2008,p,184000.0,19500.0,
633e6d63ca463a463f0b72b3,Ford,Focus,2007,d,184000.0,4400.0,
5f7d828af2b91e75367b9372,Honda,Civic,2006,p,147000.0,6890.0,
633ab21df842172d31011625,Honda,Accord,2009,d,219000.0,14300.0,
6339ba9ad35f2fb79100f104,BMW,320,2002,d,256391.0,4450.0,
6339bbe98910053a8b03c423,BMW,318,2000,p,263819.0,3150.0,
632888fbcbef94e31908b3a3,Audi,A3,2004,d,180000.0,4700.0,
60bdc7cc89000e756d266662,VW,Touareg,2005,d,180000.0,12999.0,
63407a666f140270d905d623,Ford,Fusion,2005,d,23000.0,3200.0,
6338013a8a29216f4e0470f4,VW,up!,2014,p,159000.0,11500.0,
62fb4a2e522d1203bd0267c3,Mercedes-Benz,ML,2007,d,2170585.0,13999.0,
6303ec9ed5a9f98470028db3,Peugeot,208,2013,p,110000.0,12999.0,
631722aaa9b025bd2f016e93,VW,Passat,2007,d,175900.0,8998.0,
6342bc51a1496156da048824,Land,Rover,2007,d,276000.0,11000.0,
6290d27030d18a7ae5046352,Skoda,Fabia,2012,d,159000.0,8150.0,
6330372e76abc7b6bd0c5252,Renault,Modus,2005,d,164000.0,4100.0,
6341d668da93c2ae010a1052,Audi,A4,2004,d,226500.0,4550.0,
6320602b8ecee281a70633c3,BMW,730,2003,d,111111.0,8390.0,
61fa3a67f8eb852264672f22,BMW,316,1995,p,190000.0,2000.0,
62bec6820f6af138ce063792,Alfa,Romeo,2002,d,252000.0,3200.0,
62ecd6f38f1b62be4d0c7c82,Opel,Insignia,2009,p,180000.0,14800.0,
6335343862075988310ef5b7,VW,Golf,2012,d,226000.0,20899.0,
6342bb82153d936b1803f603,Chevrolet,Captiva,2007,d,188000.0,8750.0,
62dab3e558b04e962507ef43,Audi,A4,2010,d,130000.0,18999.0,
633c2d462caf1947580f7962,BMW,323,1999,p,285482.0,5250.0,
634135052ed636e8b50c9342,Renault,Scenic,2004,d,241251.0,1950.0,
62e438adf71f24e51d085d73,BMW,525,2011,d,299999.0,20500.0,
61e6f24676efb3128d5fa732,BMW,218,2016,d,80000.0,30500.0,
63086b7eddd50eacb20237c2,BMW,320,2013,d,253966.0,26900.0,
62ed708b783c23b41705ce92,BMW,118,2006,d,212638.0,8900.0,
62baf82dc216c89c4d05ed42,Mercedes-Benz,E,2008,d,174458.0,10500.0,
633e81cf1b8a8b08cb067803,VW,Golf,2003,p,192000.0,3450.0,
6325c0d863c44b67cd052893,Skoda,Octavia,2007,d,182000.0,7500.0,
6342bae3b13a8f5dd10b1b42,VW,Passat,2004,d,340000.0,4150.0,
632c4e743a042735900ed813,Mercedes-Benz,E,2012,d,286000.0,23900.0,
6323f79ba6308f4ac105b513,Mercedes-Benz,E,2004,d,233000.0,9666.0,
62b02beb3a89edf682009cd2,Peugeot,407,2005,d,195000.0,3899.0,
6342ba8f4fb1086e1e09f592,Ford,C-Max,2009,d,161720.0,6200.0,
6342ba8203d74df7a803af92,VW,Passat,2008,d,231557.0,8500.0,
631ec6ee36888af27b01fa94,Dacia,Sandero,2022,p,1300.0,32000.0,
6342ba69d785d1ad3905a977,VW,Golf,2011,d,172000.0,9999.0,
6342ba490397147b370f0e62,Audi,A6,2008,d,161000.0,11000.0,
633c24722505bb49a50f2b53,Citroen,Xsara,2002,d,156000.0,2800.0,
6342ba4302c9e4bf3d0e1442,VW,Passat,2002,d,260000.0,4500.0,
6342ba0acd6eb238ab0346e3,Mercedes-Benz,E,2005,p,350500.0,11000.0,
6342b9df8d64d41246019072,VW,Golf,1999,p,260000.0,2999.0,
63272c9015f56d98230725f2,Mercedes-Benz,S,2008,d,369200.0,9998.0,
613605f3676e963ce16e2e23,Honda,Civic,2006,d,235111.0,4800.0,
632747a5efe28e8db001cae5,Renault,Clio,2019,p,78420.0,17150.0,
63419a839ad028305c0da7a4,BMW,320,2007,p,146200.0,11500.0,
6218b399b967a818c11e8ce3,Mazda,6,2013,d,256000.0,15900.0,
633f31d606353ea6bd0748b2,Audi,A3,2006,p,241000.0,8600.0,
633da8abeea621d96f07af04,BMW,525,1997,d,262589.0,3150.0,
62f76e52e67f4c7c0c02cee2,Fiat,Scudo,2004,d,218375.0,3300.0,
6342b95278567ec194088576,Hyundai,Getz,2007,p,110500.0,3550.0,
63404e5087e64b77f401a232,Mercedes-Benz,C,2010,d,307298.0,9500.0,
6342b91a29d16aa51d0521bc,Seat,Alhambra,2004,d,257000.0,5800.0,
6342b908d54fb0c5ef0cd762,Smart,ForTwo,1999,p,9632.0,3000.0,
63240bfee727daf84b0aa7b3,Dacia,Sandero,2011,p,185000.0,7100.0,
630683741c1d5b43df0199b2,Kia,Picanto,2012,p,153000.0,9500.0,
63319a9e1e07a7d790035004,Chevrolet,Cruze,2014,p,252000.0,14999.0,
6342b8c5e6cdc074380aafa2,Honda,CR-V,2003,p,188000.0,9899.0,
6342b8ebdf4218e358086bc8,Opel,Corsa,1994,p,338000.0,1350.0,
63256a2e4eafd83ef408c094,VW,Touareg,2005,d,203521.0,8990.0,
6251bc9fa1e0ba3255046e44,Opel,Antara,2012,d,137532.0,13150.0,
633c71ff18360fdfdb0d6412,Opel,Astra,2011,d,212270.0,10900.0,
62aa00aa64818634cd0a89d6,VW,Touareg,2006,d,286321.0,10999.0,
6213b47ab6857810de180c86,Kia,Sportage,2007,d,231521.0,7899.0,
6342b87a30d24f85400f0a83,Audi,A4,2006,d,243000.0,6300.0,
6342b888f0e7589d0e03def3,Toyota,Camry,2000,p,200000.0,11000.0,
618e6c975c2b1e510a1d4c65,Mitsubishi,Outlander,2012,d,158342.0,14999.0,
62a07b37d49cd0ebcf067f54,Audi,A4,2006,d,265000.0,6550.0,
6290571b448e666add0a80a2,Land,Rover,2010,d,255301.0,12899.0,
63405f180765598e3406b3f6,Ford,Fusion,2008,d,185300.0,3799.0,
63405dd3ca334c27a50e8b16,Opel,Zafira,2005,d,266000.0,4850.0,
62f681b79ab70527c80b7572,VW,Golf,2008,d,214300.0,10400.0,
63405cf7ca334c27a50e8b12,VW,Bora,2000,p,210000.0,2900.0,
62592b9df994e5227f057b05,Peugeot,3008,2010,d,205321.0,10899.0,
62eaac750f30902d210042d2,Opel,Corsa,2008,p,210000.0,9300.0,
6341bc0213976de46e0f7823,Honda,CR-V,2007,d,208600.0,10550.0,
61f565a2167e0525116d3386,Audi,A4,2010,d,228000.0,13450.0,
6342b8328171070d810b05e6,Peugeot,308,2008,d,226000.0,10500.0,
62e69f1e9c64fdb84903f9a4,Audi,A6,2015,d,260000.0,34500.0,
633716fc8c774ee96c0078e3,Land,Rover,2002,d,262500.0,4999.0,
624dc496caf2fe843307a122,Hyundai,ix35,2011,d,231211.0,14999.0,
6320aaabb271c3ebfe09bc72,BMW,116,2006,p,183000.0,8000.0,
63414753b3862e3e660eed62,Chevrolet,Cruze,2013,d,182500.0,9200.0,
62bb54e06768206a840ea1c2,Hyundai,Santa,2006,d,210324.0,8899.0,
6342b77afaea4546f5012fa3,Mercedes-Benz,E,2005,d,340000.0,7800.0,
63165ec43a9750b5840a3a65,Skoda,Fabia,2012,p,117000.0,7900.0,
5da581d4d0e13c62de174fd5,BMW,X3,2008,d,162538.0,10990.0,
633939c29e7d8dc5eb0d8a33,Opel,Astra,2006,d,220000.0,2999.0,
6341dd58418bf2ff30035ab3,Peugeot,301,2017,p,90000.0,22500.0,
63418735800df6dafd0bd713,Peugeot,Partner,2005,p,181290.0,5800.0,
6335eb17453a8c191b062e14,BMW,730,2008,d,227000.0,22500.0,
632ff327ee1871f45f0dccd5,Toyota,Avensis,2003,d,369000.0,3800.0,
631ca5cc7cf878f78e0150e3,BMW,520,1994,p,243000.0,7800.0,
62c48a4284373b0e600d4b92,Volvo,XC,2008,d,129000.0,16100.0,
63353002020df0b1fd005862,BMW,330,2002,d,386000.0,3900.0,
631f5a4cf79c22566b04bab3,Skoda,Octavia,2013,d,209000.0,22400.0,
62fbd2fa45a26890920b08f2,Skoda,Octavia,2006,d,415000.0,5200.0,
6342b73041fc846619037a92,Suzuki,Grand,2009,d,262346.0,10000.0,
620bd4d3acea39759b126ca3,Mercedes-Benz,C,2009,d,218000.0,15999.0,
6342b70ea63ed29eb2060794,VW,Passat,2001,d,215529.0,3699.0,
6342b6d7069b409c270881e2,Audi,A4,2002,d,276223.0,4000.0,
63387b40e3b4321132014fd2,VW,Touran,2016,d,480000.0,23900.0,
632592b35ca95767cd0d3576,Peugeot,307,2003,p,167000.0,2499.0,
633d965286bd635b47083f72,VW,Polo,2004,d,165740.0,3900.0,
63396eb8ece8c022ca0ba445,Kia,Magentis,2003,p,247000.0,3000.0,
633ee01016c0dabd4e07d003,VW,Touran,2004,d,225230.0,7900.0,
6329cefd2ee6eee29d0b963a,Fiat,Croma,2006,d,190500.0,4999.0,
6342b6360d81f356930a3042,BMW,320,2002,d,206432.0,3800.0,
6342b64712f2bef8e904fa23,Seat,Exeo,2012,d,186000.0,12000.0,
6342b62db8470db983019af3,VW,Bora,2004,d,226308.0,5200.0,
6342b6287e8120154a0bb862,BMW,528,2013,p,258000.0,25900.0,
6342b5b719f1555e92038f73,Audi,A3,2005,d,256000.0,7700.0,
6342b588e7f5976a920c1d43,Mazda,MPV,2001,p,220000.0,5500.0,
6341a6c1df16fe65bf039ae2,Mercedes-Benz,C,2009,d,201000.0,14950.0,
62f6768d5735f5f3660c4ca3,Subaru,Legacy,2010,p,190000.0,14200.0,
62823ca5b15b4bb9f30b7924,Mercedes-Benz,E,2002,p,198000.0,5900.0,
5fc10ce5731e3b500f1b0272,Audi,A6,2011,d,267000.0,27999.0,
621e1b934fbe8e211a10f1b3,VW,Passat,2007,d,245000.0,7999.0,
62e2618a0951e09af3005023,Toyota,Avensis,2005,d,377000.0,4500.0,
631cd1b8d5d2e6c3e40bcc84,Land,Rover,2008,d,201000.0,18888.0,
62f6c6cfe7195a5775044fe4,Acura,MDX,2008,p,198000.0,17450.0,
6342b55a5903b85b1e0f9262,Mercedes-Benz,B,2007,d,250000.0,5800.0,
633ab574d6fe39f3bd0746a2,Opel,Antara,2012,d,224500.0,14600.0,
6342b558173ebd1d23016cb2,Honda,CR-V,2003,p,188251.0,11200.0,
634194fe8067b21a180a7cf7,Audi,A3,2011,d,209950.0,17300.0,
61b4de3fa985aa5eed5e5b42,Audi,A3,1999,d,263569.0,3300.0,
6316ec5c33282a516d0ed152,Chrysler,Voyager,2005,d,160000.0,5500.0,
6342b4db9538e07dc30d2e73,Opel,Meriva,2006,d,225000.0,4200.0,
62fb37e9cbf85a49070d2a13,BMW,530,2012,d,212000.0,34999.0,
6316ee15283184c372009de2,VW,Passat,2011,d,186000.0,12950.0,
633c1d795f64fa231908e912,Seat,Leon,2009,d,209000.0,7000.0,
62ecf19c75deca149d028806,BMW,740,2011,d,228000.0,35999.0,
632df8dba0a299dfc7069fd2,Skoda,Octavia,2010,d,211102.0,13500.0,
63175760f8a51587b9043022,Fiat,Bravo,2008,d,192000.0,4500.0,
63108a04caa742576d077522,Audi,A4,2014,d,195000.0,22999.0,
62bed7329a664ae10f095784,Audi,A5,2015,d,282000.0,30500.0,
60d05b9f16ede273801f21a4,VW,Passat,2012,p,260000.0,12500.0,
6316f0264a8f8a70d7020004,Seat,Altea,2004,d,240000.0,3700.0,
62a5ed0ee6766b1cbd066983,Mitsubishi,Pajero,2000,d,111111.0,9500.0,
62d6c711d3e17906ea0a39c2,Renault,Scenic,2012,d,165300.0,11700.0,
6329f7eff79a04d2e70c84f2,Lancia,Lybra,2001,d,315000.0,3200.0,
63414261b5150a19090ce0c3,Citroen,C3,2003,d,179697.0,3950.0,
632418152e7042dba2022ff3,Audi,A6,2003,d,201000.0,6200.0,
633d9dee7b391ec43b0ca312,Toyota,Avensis,2007,d,200000.0,7400.0,
6342b434c50081e73c0f53c2,Lancia,Delta,2009,d,193000.0,4700.0,
6342b42bc30fe149880957a4,Ssangyong,Kyron,2006,d,187000.0,4000.0,
6329a401989e504f09014d68,Toyota,Land,1999,p,280000.0,12377.0,
62e680191ccc506d6603ab32,Mitsubishi,Pajero,1998,d,284000.0,7500.0,
615ddf51683891660a783962,Audi,A6,2012,d,270000.0,13500.0,
6342b3ffdeb10efca00391e9,Opel,Insignia,2010,d,211000.0,9899.0,
6342b3fdf6a7d91de5021b33,Seat,Ibiza,2000,d,180000.0,1300.0,
63349059f84eebe215060c92,Toyota,Yaris,2005,d,220000.0,4999.0,
6332a62f6e1bddbdc80a3ce2,BMW,330,2002,d,304000.0,8000.0,
62ffc551895e12b0a3092ad6,Renault,Kangoo,2003,d,200002.0,2899.0,
634050675d5c6e5fe80fdff2,VW,Golf,2003,d,230000.0,3111.0,
6339a598c9e7d5318f06a764,Ford,Focus,2006,p,200002.0,3350.0,
6342b37b367da131a90ebc42,Mercedes-Benz,GL,2014,p,197000.0,69000.0,
6342b39642adf08d9109d0f3,Opel,Zafira,2001,d,250700.0,2000.0,
633c1f020f9fe7fbee087cb2,Renault,Scenic,2000,d,171567.0,1700.0,
6342b2efde0ff3d087011572,Daihatsu,Terios,1998,p,213000.0,6300.0,
6342b2626ba25765010e2712,BMW,530,2004,d,261000.0,8999.0,
6342b31f24330c49bf0a39c2,Daewoo,Lanos,2000,p,200000.0,1500.0,
62ea47729d44d7bfd6036ab5,Mercedes-Benz,ML,2007,d,204550.0,13900.0,
62a5db27282b833113091963,VW,Scirocco,2009,p,183195.0,12200.0,
63147588cfb232d4a60e83f2,Toyota,Corolla,2006,p,212425.0,7590.0,
62b04dea2cdc2169d10827f2,Mazda,6,2009,p,173433.0,9300.0,
